tmc,road,direction,intersection,state,county,zip,start_latitude,start_longitude,end_latitude,end_longitude,miles,road_order,timezone_name,type,country,tmclinear,frc,border_set,f_system,urban_code,faciltype,structype,thrulanes,route_numb,route_sign,route_qual,altrtename,aadt,aadt_singl,aadt_combi,nhs,nhs_pct,strhnt_typ,strhnt_pct,truck,isprimary,active_start_date,active_end_date
102P18419,SR-618-TOLL/SELMON EXPY,EASTBOUND,SR-618-TOLL LOCAL LANE ACCESS EAST,FL,HILLSBOROUGH,33619,27.93184,-82.35502,27.93075,-82.35287,0.151766,4.5,America/New_York,P1.3,USA,2353,3,N,2,86599,1,,2,618,4,1,618A,16364,493,340,1,100,0,100,0,1,2019-01-01 00:00:00-05:00,2020-01-01 00:00:00-05:00
102+18420,SR-618-TOLL/SELMON EXPY,EASTBOUND,BRANDON PKY/TOWN CENTER BLVD,FL,HILLSBOROUGH,33619,27.93075,-82.35287,27.92721,-82.31949,2.061716,5.0,America/New_York,P1.3,USA,2353,3,N,2,86599,1,,2,618,4,1,618A,16978,755,521,1,100,0,0,0,1,2019-01-01 00:00:00-05:00,2020-01-01 00:00:00-05:00
102+18418,SR-618-TOLL/SELMON EXPY,EASTBOUND,US-301,FL,HILLSBOROUGH,33619,27.95466,-82.41824,27.94717,-82.36403,3.444187,3.0,America/New_York,P1.3,USA,2353,3,N,2,86599,1,1,3,618,4,1,618A,21000,112,77,1,100,0,0,0,1,2019-01-01 00:00:00-05:00,2020-01-01 00:00:00-05:00
102+18419,SR-618-TOLL/SELMON EXPY,EASTBOUND,SR-618-TOLL LOCAL LANE ACCESS EAST,FL,HILLSBOROUGH,33619,27.94683,-82.36364,27.93184,-82.35502,1.178698,4.0,America/New_York,P1.3,USA,2353,3,N,2,86599,1,,2,618,4,1,618A,12045,461,319,1,100,0,0,0,1,2019-01-01 00:00:00-05:00,2020-01-01 00:00:00-05:00
102P18416,SR-618-TOLL/SELMON EXPY,EASTBOUND,TWIGGS ST/MERIDIAN AVE,FL,HILLSBOROUGH,33602,27.9523,-82.44898,27.95267,-82.44901,0.02563,1.0,America/New_York,P1.3,USA,2353,4,N,2,86599,1,,3,618,4,1,618A,16000,710,490,1,100,0,100,0,1,2019-01-01 00:00:00-05:00,2020-01-01 00:00:00-05:00
102+18417,SR-618-TOLL/SELMON EXPY,EASTBOUND,SR-618 LOCAL LANE ENTRANCE,FL,HILLSBOROUGH,33605,27.95267,-82.44901,27.95466,-82.41824,2.117689,2.0,America/New_York,P1.3,USA,2353,4,N,2,86599,1,1,3,618,4,1,618A,16339,669,462,1,100,0,0,0,1,2019-01-01 00:00:00-05:00,2020-01-01 00:00:00-05:00
102P18418,SR-618-TOLL/SELMON EXPY,EASTBOUND,US-301,FL,HILLSBOROUGH,33619,27.94717,-82.36403,27.94683,-82.36364,0.033437,3.5,America/New_York,P1.3,USA,2353,3,N,2,86599,1,,3,618,4,1,618A,21000,112,77,1,100,0,100,0,1,2019-01-01 00:00:00-05:00,2020-01-01 00:00:00-05:00
102N18419,SR-618-TOLL/SELMON EXPY,WESTBOUND,SR-618-TOLL LOCAL LANE ACCESS EAST,FL,HILLSBOROUGH,33619,27.93075,-82.35287,27.93184,-82.35502,0.151766,2.5,America/New_York,P1.3,USA,2353,3,N,2,86599,1,,2,618,4,1,618A,16364,493,340,1,100,0,100,0,1,2019-01-01 00:00:00-05:00,2020-01-01 00:00:00-05:00
102N18418,SR-618-TOLL/SELMON EXPY,WESTBOUND,US-301,FL,HILLSBOROUGH,33619,27.94683,-82.36364,27.94717,-82.36403,0.033437,3.5,America/New_York,P1.3,USA,2353,3,N,2,86599,1,,3,618,4,1,618A,21000,112,77,1,100,0,100,0,1,2019-01-01 00:00:00-05:00,2020-01-01 00:00:00-05:00
102P18420,SR-618-TOLL/SELMON EXPY,EASTBOUND,BRANDON PKY/TOWN CENTER BLVD,FL,HILLSBOROUGH,33511,27.92721,-82.31949,27.92731,-82.31903,0.028914,6.0,America/New_York,P1.3,USA,2353,3,N,2,86599,2,,4,618,4,1,618A,16500,771,532,1,100,0,100,0,1,2019-01-01 00:00:00-05:00,2020-01-01 00:00:00-05:00
102-18416,SR-618-TOLL/SELMON EXPY,WESTBOUND,TWIGGS ST/MERIDIAN AVE,FL,HILLSBOROUGH,33605,27.95466,-82.41824,27.95279,-82.44917,2.109149,5.0,America/New_York,P1.3,USA,2353,4,N,2,86599,1,1,3,618,4,1,618A,16341,669,462,1,100,0,0,0,1,2019-01-01 00:00:00-05:00,2020-01-01 00:00:00-05:00
102N18416,SR-618-TOLL/SELMON EXPY,WESTBOUND,TWIGGS ST/MERIDIAN AVE,FL,HILLSBOROUGH,33602,27.95279,-82.44917,27.95229,-82.44915,0.034566,6.0,America/New_York,P1.3,USA,2353,4,N,2,86599,1,,3,618,4,1,618A,16000,710,490,1,100,0,100,0,1,2019-01-01 00:00:00-05:00,2020-01-01 00:00:00-05:00
102-18417,SR-618-TOLL/SELMON EXPY,WESTBOUND,SR-618 LOCAL LANE ENTRANCE,FL,HILLSBOROUGH,33619,27.94717,-82.36403,27.95466,-82.41824,3.444187,4.0,America/New_York,P1.3,USA,2353,3,N,2,86599,1,1,3,618,4,1,618A,21000,112,77,1,100,0,0,0,1,2019-01-01 00:00:00-05:00,2020-01-01 00:00:00-05:00
102-18418,SR-618-TOLL/SELMON EXPY,WESTBOUND,US-301,FL,HILLSBOROUGH,33619,27.93184,-82.35502,27.94683,-82.36364,1.178698,3.0,America/New_York,P1.3,USA,2353,3,N,2,86599,1,,2,618,4,1,618A,12045,461,319,1,100,0,0,0,1,2019-01-01 00:00:00-05:00,2020-01-01 00:00:00-05:00
102-18419,SR-618-TOLL/SELMON EXPY,WESTBOUND,SR-618-TOLL LOCAL LANE ACCESS EAST,FL,HILLSBOROUGH,33619,27.92735,-82.31946,27.93075,-82.35287,2.064969,2.0,America/New_York,P1.3,USA,2353,3,N,2,86599,1,,2,618,4,1,618A,16977,755,522,1,100,0,0,0,1,2019-01-01 00:00:00-05:00,2020-01-01 00:00:00-05:00
102N18420,SR-618-TOLL/SELMON EXPY,WESTBOUND,BRANDON PKY/TOWN CENTER BLVD,FL,HILLSBOROUGH,33511,27.92742,-82.31912,27.92735,-82.31946,0.021308,1.0,America/New_York,P1.3,USA,2353,3,N,2,86599,2,,4,618,4,1,618A,16500,771,532,1,100,0,100,0,1,2019-01-01 00:00:00-05:00,2020-01-01 00:00:00-05:00
